neighborhoud_id,neighborhoud_name,shape id,point id,longitude,latitude,,,,,,,,,
3,Dunbar,0,0,-123.2032097,49.25818845,,,,,,,,,
3,Dunbar,0,1,-123.2031453,49.25740419,,,,,,,,,
3,Dunbar,0,2,-123.2029951,49.25671796,,,,,,,,,
3,Dunbar,0,3,-123.1965578,49.25664794,,,,,,,,,
3,Dunbar,0,4,-123.1965793,49.25478526,,,,,,,,,
3,Dunbar,0,5,-123.1966866,49.25044342,,,,,,,,,
3,Dunbar,0,6,-123.2049263,49.24926685,,,,,,,,,
3,Dunbar,0,7,-123.199004,49.24624126,,,,,,,,,
3,Dunbar,0,8,-123.1967724,49.24624126,,,,,,,,,
3,Dunbar,0,9,-123.1967076,49.23489621,,,,,,,,,
3,Dunbar,0,10,-123.1957634,49.23461599,,,,,,,,,
3,Dunbar,0,11,-123.1852921,49.23478413,,,,,,,,,
3,Dunbar,0,12,-123.1853126,49.23219507,,,,,,,,,
3,Dunbar,0,13,-123.1787465,49.23215303,,,,,,,,,
3,Dunbar,0,14,-123.1786199,49.25001619,,,,,,,,,
3,Dunbar,0,15,-123.1721266,49.25003653,,,,,,,,,
3,Dunbar,0,16,-123.1728133,49.25090494,,,,,,,,,
3,Dunbar,0,17,-123.1741865,49.2519274,,,,,,,,,
3,Dunbar,0,18,-123.1753023,49.25283079,,,,,,,,,
3,Dunbar,0,19,-123.1760733,49.25342002,,,,,,,,,
3,Dunbar,0,20,-123.176438,49.25397324,,,,,,,,,
3,Dunbar,0,21,-123.1766741,49.25432338,,,,,,,,,
3,Dunbar,0,22,-123.1766955,49.25468752,,,,,,,,,
3,Dunbar,0,23,-123.1772856,49.25503065,,,,,,,,,
3,Dunbar,0,24,-123.1804828,49.25790865,,,,,,,,,
4,Arbutus Ridge-Mackenzie Heights,1,0,-123.180513,49.25793582,,,,,,,,,
4,Arbutus Ridge-Mackenzie Heights,1,1,-123.1773373,49.25505082,,,,,,,,,
4,Arbutus Ridge-Mackenzie Heights,1,2,-123.1766721,49.25467267,,,,,,,,,
4,Arbutus Ridge-Mackenzie Heights,1,3,-123.1766721,49.25430853,,,,,,,,,
4,Arbutus Ridge-Mackenzie Heights,1,4,-123.1760713,49.25345419,,,,,,,,,
4,Arbutus Ridge-Mackenzie Heights,1,5,-123.1728036,49.25088554,,,,,,,,,
4,Arbutus Ridge-Mackenzie Heights,1,6,-123.1721277,49.25003815,,,,,,,,,
4,Arbutus Ridge-Mackenzie Heights,1,7,-123.1786186,49.25003294,,,,,,,,,
4,Arbutus Ridge-Mackenzie Heights,1,8,-123.1786615,49.24234267,,,,,,,,,
4,Arbutus Ridge-Mackenzie Heights,1,9,-123.1467975,49.24200645,,,,,,,,,
4,Arbutus Ridge-Mackenzie Heights,1,10,-123.1468404,49.2433653,,,,,,,,,
4,Arbutus Ridge-Mackenzie Heights,1,11,-123.1490506,49.2464471,,,,,,,,,
4,Arbutus Ridge-Mackenzie Heights,1,12,-123.1488868,49.24969166,,,,,,,,,
4,Arbutus Ridge-Mackenzie Heights,1,13,-123.1499597,49.25001382,,,,,,,,,
4,Arbutus Ridge-Mackenzie Heights,1,14,-123.1512472,49.25079818,,,,,,,,,
4,Arbutus Ridge-Mackenzie Heights,1,15,-123.1521484,49.25130242,,,,,,,,,
4,Arbutus Ridge-Mackenzie Heights,1,16,-123.1530282,49.25159655,,,,,,,,,
4,Arbutus Ridge-Mackenzie Heights,1,17,-123.1529209,49.25728399,,,,,,,,,
8,Shaughnessy,2,0,-123.1528743,49.25731199,,,,,,,,,
8,Shaughnessy,2,1,-123.1387122,49.25705991,,,,,,,,,
8,Shaughnessy,2,2,-123.137296,49.25770412,,,,,,,,,
8,Shaughnessy,2,3,-123.1361373,49.25798421,,,,,,,,,
8,Shaughnessy,2,4,-123.1339486,49.25784417,,,,,,,,,
8,Shaughnessy,2,5,-123.1318458,49.25717195,,,,,,,,,
8,Shaughnessy,2,6,-123.1272109,49.25705991,,,,,,,,,
8,Shaughnessy,2,7,-123.1280263,49.23394674,,,,,,,,,
8,Shaughnessy,2,8,-123.1553205,49.23459126,,,,,,,,,
8,Shaughnessy,2,9,-123.1551488,49.23830405,,,,,,,,,
8,Shaughnessy,2,10,-123.1442698,49.23813593,,,,,,,,,
8,Shaughnessy,2,11,-123.1440981,49.24194652,,,,,,,,,
8,Shaughnessy,2,12,-123.1468018,49.24200256,,,,,,,,,
8,Shaughnessy,2,13,-123.1468447,49.24338943,,,,,,,,,
8,Shaughnessy,2,14,-123.1490548,49.2464292,,,,,,,,,
8,Shaughnessy,2,15,-123.1488832,49.24970689,,,,,,,,,
8,Shaughnessy,2,16,-123.1499131,49.25000104,,,,,,,,,
8,Shaughnessy,2,17,-123.1521018,49.25131765,,,,,,,,,
8,Shaughnessy,2,18,-123.153003,49.25158377,,,,,,,,,
5,Kerrisdale,3,0,-123.1786675,49.24234879,,,,,,,,,
5,Kerrisdale,3,1,-123.1787104,49.23473437,,,,,,,,,
5,Kerrisdale,3,2,-123.1757385,49.23474838,,,,,,,,,
5,Kerrisdale,3,3,-123.1758458,49.2310143,,,,,,,,,
5,Kerrisdale,3,4,-123.1629001,49.23095825,,,,,,,,,
5,Kerrisdale,3,5,-123.163024,49.22724708,,,,,,,,,
5,Kerrisdale,3,6,-123.149483,49.22709346,,,,,,,,,
5,Kerrisdale,3,7,-123.1492148,49.23446385,,,,,,,,,
5,Kerrisdale,3,8,-123.1553326,49.23458678,,,,,,,,,
5,Kerrisdale,3,9,-123.1551503,49.2383108,,,,,,,,,
5,Kerrisdale,3,10,-123.1442637,49.23813535,,,,,,,,,
5,Kerrisdale,3,11,-123.1441135,49.24194471,,,,,,,,,
6,Southlands,4,0,-123.1967315,49.23491798,,,,,,,,,
6,Southlands,4,1,-123.196989,49.23050433,,,,,,,,,
6,Southlands,4,2,-123.1947789,49.22981772,,,,,,,,,
6,Southlands,4,3,-123.1910882,49.22831837,,,,,,,,,
6,Southlands,4,4,-123.1911954,49.22085796,,,,,,,,,
6,Southlands,4,5,-123.1900833,49.22062207,,,,,,,,,
6,Southlands,4,6,-123.1886885,49.21969706,,,,,,,,,
6,Southlands,4,7,-123.1880662,49.21943077,,,,,,,,,
6,Southlands,4,8,-123.1867573,49.21853378,,,,,,,,,
6,Southlands,4,9,-123.1852338,49.21781898,,,,,,,,,
6,Southlands,4,10,-123.1811783,49.21624918,,,,,,,,,
6,Southlands,4,11,-123.1771228,49.21599689,,,,,,,,,
6,Southlands,4,12,-123.174226,49.21598287,,,,,,,,,
6,Southlands,4,13,-123.1702778,49.21595484,,,,,,,,,
6,Southlands,4,14,-123.1674454,49.21533811,,,,,,,,,
6,Southlands,4,15,-123.1620166,49.21362807,,,,,,,,,
6,Southlands,4,16,-123.1600425,49.21310943,,,,,,,,,
6,Southlands,4,17,-123.1578967,49.21193198,,,,,,,,,
6,Southlands,4,18,-123.1571672,49.2113152,,,,,,,,,
6,Southlands,4,19,-123.1560728,49.21065637,,,,,,,,,
6,Southlands,4,20,-123.1544206,49.20953493,,,,,,,,,
6,Southlands,4,21,-123.1529615,49.20793683,,,,,,,,,
6,Southlands,4,22,-123.1511805,49.20636672,,,,,,,,,
6,Southlands,4,23,-123.1505368,49.20604428,,,,,,,,,
6,Southlands,4,24,-123.1491206,49.20741814,,,,,,,,,
6,Southlands,4,25,-123.1492976,49.20750926,,,,,,,,,
6,Southlands,4,26,-123.1491313,49.20779664,,,,,,,,,
6,Southlands,4,27,-123.1490615,49.20822771,,,,,,,,,
6,Southlands,4,28,-123.1489328,49.20853612,,,,,,,,,
6,Southlands,4,29,-123.148788,49.20875691,,,,,,,,,
6,Southlands,4,30,-123.1482622,49.20901275,,,,,,,,,
6,Southlands,4,31,-123.1479748,49.20882043,,,,,,,,,
6,Southlands,4,32,-123.1474276,49.20863468,,,,,,,,,
6,Southlands,4,33,-123.1466927,49.20857511,,,,,,,,,
6,Southlands,4,34,-123.1444504,49.20857511,,,,,,,,,
6,Southlands,4,35,-123.1546696,49.22719512,,,,,,,,,
6,Southlands,4,36,-123.1630221,49.22724733,,,,,,,,,
6,Southlands,4,37,-123.1629032,49.23095965,,,,,,,,,
6,Southlands,4,38,-123.1758447,49.23102358,,,,,,,,,
6,Southlands,4,39,-123.1757482,49.23476467,,,,,,,,,
6,Southlands,4,40,-123.1787201,49.23475066,,,,,,,,,
6,Southlands,4,41,-123.1787308,49.23215154,,,,,,,,,
6,Southlands,4,42,-123.18531,49.23220058,,,,,,,,,
6,Southlands,4,43,-123.1852886,49.23479269,,,,,,,,,
6,Southlands,4,44,-123.1957516,49.23462975,,,,,,,,,
10,South Granville,5,0,-123.1546522,49.22717906,,,,,,,,,
10,South Granville,5,1,-123.1477216,49.21454339,,,,,,,,,
10,South Granville,5,2,-123.1409732,49.2144663,,,,,,,,,
10,South Granville,5,3,-123.1409786,49.21494988,,,,,,,,,
10,South Granville,5,4,-123.1403134,49.21493586,,,,,,,,,
10,South Granville,5,5,-123.1402473,49.21737119,,,,,,,,,
10,South Granville,5,6,-123.1395177,49.21716095,,,,,,,,,
10,South Granville,5,7,-123.139507,49.2173782,,,,,,,,,
10,South Granville,5,8,-123.1293016,49.21711261,,,,,,,,,
10,South Granville,5,9,-123.1286363,49.21866514,,,,,,,,,
10,South Granville,5,10,-123.1284754,49.22326421,,,,,,,,,
10,South Granville,5,11,-123.1280355,49.23395954,,,,,,,,,
10,South Granville,5,12,-123.1492175,49.23445801,,,,,,,,,
10,South Granville,5,13,-123.1494709,49.22708208,,,,,,,,,
12,Marpole,6,0,-123.1477245,49.21454383,,,,,,,,,
12,Marpole,6,1,-123.1444513,49.20857431,,,,,,,,,
12,Marpole,6,2,-123.1441503,49.20790667,,,,,,,,,
12,Marpole,6,3,-123.1435926,49.20682794,,,,,,,,,
12,Marpole,6,4,-123.1434183,49.2065791,,,,,,,,,
12,Marpole,6,5,-123.1431125,49.20626367,,,,,,,,,
12,Marpole,6,6,-123.1420933,49.20540675,,,,,,,,,
12,Marpole,6,7,-123.141325,49.20477161,,,,,,,,,
12,Marpole,6,8,-123.14103,49.2045473,,,,,,,,,
12,Marpole,6,9,-123.1405633,49.20427216,,,,,,,,,
12,Marpole,6,10,-123.1401861,49.20410777,,,,,,,,,
12,Marpole,6,11,-123.1388584,49.20370295,,,,,,,,,
12,Marpole,6,12,-123.1375656,49.20329988,,,,,,,,,
12,Marpole,6,13,-123.1362567,49.20283547,,,,,,,,,
12,Marpole,6,14,-123.1358517,49.20270753,,,,,,,,,
12,Marpole,6,15,-123.1356183,49.20265496,,,,,,,,,
12,Marpole,6,16,-123.135283,49.20260939,,,,,,,,,
12,Marpole,6,17,-123.1348244,49.20259362,,,,,,,,,
12,Marpole,6,18,-123.1350792,49.20295639,,,,,,,,,
12,Marpole,6,19,-123.1337488,49.2034576,,,,,,,,,
12,Marpole,6,20,-123.1318981,49.20423395,,,,,,,,,
12,Marpole,6,21,-123.130439,49.20476494,,,,,,,,,
12,Marpole,6,22,-123.1303934,49.20623347,,,,,,,,,
12,Marpole,6,23,-123.1275395,49.20620893,,,,,,,,,
12,Marpole,6,24,-123.1275502,49.20576032,,,,,,,,,
12,Marpole,6,25,-123.1204284,49.20874283,,,,,,,,,
12,Marpole,6,26,-123.1153913,49.2109717,,,,,,,,,
12,Marpole,6,27,-123.1135244,49.21142377,,,,,,,,,
12,Marpole,6,28,-123.1113572,49.21190037,,,,,,,,,
12,Marpole,6,29,-123.1097693,49.21239098,,,,,,,,,
12,Marpole,6,30,-123.1085355,49.21252415,,,,,,,,,
12,Marpole,6,31,-123.1073124,49.2124891,,,,,,,,,
12,Marpole,6,32,-123.10654,49.212405,,,,,,,,,
12,Marpole,6,33,-123.1062503,49.21683429,,,,,,,,,
12,Marpole,6,34,-123.1168396,49.21693941,,,,,,,,,
12,Marpole,6,35,-123.1292851,49.21712162,,,,,,,,,
12,Marpole,6,36,-123.1395097,49.21739493,,,,,,,,,
12,Marpole,6,37,-123.1395097,49.21716367,,,,,,,,,
12,Marpole,6,38,-123.14025,49.21738091,,,,,,,,,
12,Marpole,6,39,-123.1403251,49.21493507,,,,,,,,,
12,Marpole,6,40,-123.1409903,49.21494909,,,,,,,,,
12,Marpole,6,41,-123.1409688,49.21447252,,,,,,,,,
11,Oakridge,7,0,-123.1292917,49.21712354,,,,,,,,,
11,Oakridge,7,1,-123.1286265,49.21867929,,,,,,,,,
11,Oakridge,7,2,-123.1280386,49.23395935,,,,,,,,,
11,Oakridge,7,3,-123.116209,49.23356302,,,,,,,,,
11,Oakridge,7,4,-123.1056519,49.2331707,,,,,,,,,
11,Oakridge,7,5,-123.1062434,49.21682875,,,,,,,,,
17,South Vancouver,8,0,-123.1059237,49.22574345,,,,,,,,,
17,South Vancouver,8,1,-123.106246,49.21683335,,,,,,,,,
17,South Vancouver,8,2,-123.1065374,49.21240822,,,,,,,,,
17,South Vancouver,8,3,-123.1010363,49.21079376,,,,,,,,,
17,South Vancouver,8,4,-123.0992495,49.21080865,,,,,,,,,
17,South Vancouver,8,5,-123.0961452,49.21101274,,,,,,,,,
17,South Vancouver,8,6,-123.0743442,49.21106881,,,,,,,,,
17,South Vancouver,8,7,-123.0720483,49.21101274,,,,,,,,,
17,South Vancouver,8,8,-123.0719563,49.21996152,,,,,,,,,
17,South Vancouver,8,9,-123.070347,49.2199405,,,,,,,,,
17,South Vancouver,8,10,-123.0700949,49.21998955,,,,,,,,,
17,South Vancouver,8,11,-123.0691614,49.22036446,,,,,,,,,
17,South Vancouver,8,12,-123.0662003,49.2203084,,,,,,,,,
17,South Vancouver,8,13,-123.0658462,49.22073235,,,,,,,,,
17,South Vancouver,8,14,-123.0657872,49.22518309,,,,,,,,,
16,Main & Fraser,9,0,-123.1059235,49.22575423,,,,,,,,,
16,Main & Fraser,9,1,-123.1050053,49.2488479,,,,,,,,,
16,Main & Fraser,9,2,-123.0826569,49.24855368,,,,,,,,,
16,Main & Fraser,9,3,-123.0827857,49.24023975,,,,,,,,,
16,Main & Fraser,9,4,-123.0834723,49.24022575,,,,,,,,,
16,Main & Fraser,9,5,-123.0836118,49.23644844,,,,,,,,,
16,Main & Fraser,9,6,-123.0824745,49.23645545,,,,,,,,,
16,Main & Fraser,9,7,-123.082691,49.22905861,,,,,,,,,
16,Main & Fraser,9,8,-123.083839,49.22908664,,,,,,,,,
16,Main & Fraser,9,9,-123.0838712,49.22545171,,,,,,,,,
9,Cambie,10,0,-123.1280239,49.23396134,,,,,,,,,
9,Cambie,10,1,-123.1272275,49.25706784,,,,,,,,,
9,Cambie,10,2,-123.1049115,49.25661968,,,,,,,,,
9,Cambie,10,3,-123.1050188,49.25466597,,,,,,,,,
9,Cambie,10,4,-123.1047613,49.25419679,,,,,,,,,
9,Cambie,10,5,-123.1056422,49.233187,,,,,,,,,
18,Marine Drive,11,0,-123.1444584,49.208594,,,,,,,,,
18,Marine Drive,11,1,-123.1468617,49.20857297,,,,,,,,,
18,Marine Drive,11,2,-123.1474625,49.20862904,,,,,,,,,
18,Marine Drive,11,3,-123.1479989,49.2088253,,,,,,,,,
18,Marine Drive,11,4,-123.1482564,49.20900754,,,,,,,,,
18,Marine Drive,11,5,-123.1487392,49.20875521,,,,,,,,,
18,Marine Drive,11,6,-123.1489645,49.20853091,,,,,,,,,
18,Marine Drive,11,7,-123.1490933,49.20797017,,,,,,,,,
18,Marine Drive,11,8,-123.1492757,49.20750755,,,,,,,,,
18,Marine Drive,11,9,-123.1491469,49.20743045,,,,,,,,,
18,Marine Drive,11,10,-123.1505309,49.20602154,,,,,,,,,
18,Marine Drive,11,11,-123.1498228,49.20572013,,,,,,,,,
18,Marine Drive,11,12,-123.1493615,49.2064281,,,,,,,,,
18,Marine Drive,11,13,-123.1491791,49.20601453,,,,,,,,,
18,Marine Drive,11,14,-123.1469046,49.20494906,,,,,,,,,
18,Marine Drive,11,15,-123.1432783,49.20353308,,,,,,,,,
18,Marine Drive,11,16,-123.1432783,49.2032667,,,,,,,,,
18,Marine Drive,11,17,-123.1405214,49.20177082,,,,,,,,,
18,Marine Drive,11,18,-123.1409828,49.20109784,,,,,,,,,
18,Marine Drive,11,19,-123.134803,49.19987803,,,,,,,,,
18,Marine Drive,11,20,-123.1319062,49.1997869,,,,,,,,,
18,Marine Drive,11,21,-123.1305114,49.19988504,,,,,,,,,
18,Marine Drive,11,22,-123.1153945,49.20487624,,,,,,,,,
18,Marine Drive,11,23,-123.1123696,49.20531785,,,,,,,,,
18,Marine Drive,11,24,-123.1039213,49.20484647,,,,,,,,,
18,Marine Drive,11,25,-123.0951653,49.20507255,,,,,,,,,
18,Marine Drive,11,26,-123.0912349,49.20566137,,,,,,,,,
18,Marine Drive,11,27,-123.0865333,49.20695112,,,,,,,,,
18,Marine Drive,11,28,-123.0778751,49.20814973,,,,,,,,,
18,Marine Drive,11,29,-123.0753431,49.20876654,,,,,,,,,
18,Marine Drive,11,30,-123.0725965,49.20824786,,,,,,,,,
18,Marine Drive,11,31,-123.0687878,49.20714739,,,,,,,,,
18,Marine Drive,11,32,-123.0668137,49.2063413,,,,,,,,,
18,Marine Drive,11,33,-123.0634389,49.2055565,,,,,,,,,
18,Marine Drive,11,34,-123.0610141,49.20559155,,,,,,,,,
18,Marine Drive,11,35,-123.0565157,49.20513592,,,,,,,,,
18,Marine Drive,11,36,-123.0422786,49.20498872,,,,,,,,,
18,Marine Drive,11,37,-123.0320729,49.20264658,,,,,,,,,
18,Marine Drive,11,38,-123.0269747,49.20192155,,,,,,,,,
18,Marine Drive,11,39,-123.022991,49.20103333,,,,,,,,,
18,Marine Drive,11,40,-123.0236738,49.20822379,,,,,,,,,
18,Marine Drive,11,41,-123.027783,49.20781024,,,,,,,,,
18,Marine Drive,11,42,-123.0301219,49.20799249,,,,,,,,,
18,Marine Drive,11,43,-123.0331474,49.208378,,,,,,,,,
18,Marine Drive,11,44,-123.035776,49.20842005,,,,,,,,,
18,Marine Drive,11,45,-123.03819,49.20818174,,,,,,,,,
18,Marine Drive,11,46,-123.0391556,49.20787333,,,,,,,,,
18,Marine Drive,11,47,-123.0408733,49.20823781,,,,,,,,,
18,Marine Drive,11,48,-123.0454121,49.20783127,,,,,,,,,
18,Marine Drive,11,49,-123.0569005,49.20711186,,,,,,,,,
18,Marine Drive,11,50,-123.0567932,49.20578706,,,,,,,,,
18,Marine Drive,11,51,-123.0593144,49.20592002,,,,,,,,,
18,Marine Drive,11,52,-123.0622112,49.20640368,,,,,,,,,
18,Marine Drive,11,53,-123.0712556,49.20897611,,,,,,,,,
18,Marine Drive,11,54,-123.07132,49.2109877,,,,,,,,,
18,Marine Drive,11,55,-123.0742919,49.21104378,,,,,,,,,
18,Marine Drive,11,56,-123.0794769,49.21105078,,,,,,,,,
18,Marine Drive,11,57,-123.0961839,49.21100873,,,,,,,,,
18,Marine Drive,11,58,-123.0991344,49.21081248,,,,,,,,,
18,Marine Drive,11,59,-123.1010227,49.21079846,,,,,,,,,
18,Marine Drive,11,60,-123.1065521,49.21242126,,,,,,,,,
18,Marine Drive,11,61,-123.1084511,49.21254742,,,,,,,,,
18,Marine Drive,11,62,-123.1097493,49.21240024,,,,,,,,,
18,Marine Drive,11,63,-123.1113264,49.21190963,,,,,,,,,
18,Marine Drive,11,64,-123.1153524,49.21097745,,,,,,,,,
18,Marine Drive,11,65,-123.1232578,49.20752242,,,,,,,,,
18,Marine Drive,11,66,-123.1275601,49.20574901,,,,,,,,,
18,Marine Drive,11,67,-123.1275601,49.20622566,,,,,,,,,
18,Marine Drive,11,68,-123.1303925,49.20623267,,,,,,,,,
18,Marine Drive,11,69,-123.1304676,49.20475363,,,,,,,,,
18,Marine Drive,11,70,-123.1350381,49.20296611,,,,,,,,,
18,Marine Drive,11,71,-123.1348235,49.20257355,,,,,,,,,
18,Marine Drive,11,72,-123.1355638,49.20264365,,,,,,,,,
18,Marine Drive,11,73,-123.1407565,49.20431202,,,,,,,,,
18,Marine Drive,11,74,-123.1432456,49.20638688,,,,,,,,,
25,Fraserview,12,0,-123.0720375,49.21100783,,,,,,,,,
25,Fraserview,12,1,-123.0713079,49.21099381,,,,,,,,,
25,Fraserview,12,2,-123.0712865,49.20899624,,,,,,,,,
25,Fraserview,12,3,-123.0621725,49.20639972,,,,,,,,,
25,Fraserview,12,4,-123.0592864,49.20591606,,,,,,,,,
25,Fraserview,12,5,-123.0568081,49.2058039,,,,,,,,,
25,Fraserview,12,6,-123.0568939,49.2071217,,,,,,,,,
25,Fraserview,12,7,-123.0451201,49.20785609,,,,,,,,,
25,Fraserview,12,8,-123.0423628,49.20810142,,,,,,,,,
25,Fraserview,12,9,-123.0408393,49.20823459,,,,,,,,,
25,Fraserview,12,10,-123.0391549,49.20789114,,,,,,,,,
25,Fraserview,12,11,-123.0381464,49.20817852,,,,,,,,,
25,Fraserview,12,12,-123.0357324,49.20843786,,,,,,,,,
25,Fraserview,12,13,-123.0331575,49.20837478,,,,,,,,,
25,Fraserview,12,14,-123.03025,49.20799628,,,,,,,,,
25,Fraserview,12,15,-123.0277501,49.20780002,,,,,,,,,
25,Fraserview,12,16,-123.023641,49.20819254,,,,,,,,,
25,Fraserview,12,17,-123.024156,49.2103934,,,,,,,,,
25,Fraserview,12,18,-123.0237697,49.21220168,,,,,,,,,
25,Fraserview,12,19,-123.0235307,49.22520688,,,,,,,,,
25,Fraserview,12,20,-123.0322369,49.2252208,,,,,,,,,
25,Fraserview,12,21,-123.0323979,49.22008825,,,,,,,,,
25,Fraserview,12,22,-123.0662023,49.22030866,,,,,,,,,
25,Fraserview,12,23,-123.0691467,49.22036472,,,,,,,,,
25,Fraserview,12,24,-123.0701123,49.21996529,,,,,,,,,
25,Fraserview,12,25,-123.0703376,49.21993025,,,,,,,,,
25,Fraserview,12,26,-123.0719576,49.21996529,,,,,,,,,
24,Killarney,13,0,-123.0661965,49.2203108,,,,,,,,,
24,Killarney,13,1,-123.0658478,49.22073301,,,,,,,,,
24,Killarney,13,2,-123.0657907,49.22520359,,,,,,,,,
24,Killarney,13,3,-123.0655136,49.23286158,,,,,,,,,
24,Killarney,13,4,-123.0486802,49.23279752,,,,,,,,,
24,Killarney,13,5,-123.0465988,49.23295165,,,,,,,,,
24,Killarney,13,6,-123.038638,49.23293764,,,,,,,,,
24,Killarney,13,7,-123.0369643,49.23317583,,,,,,,,,
24,Killarney,13,8,-123.0358914,49.23414261,,,,,,,,,
24,Killarney,13,9,-123.031793,49.23204089,,,,,,,,,
24,Killarney,13,10,-123.0233553,49.23227796,,,,,,,,,
24,Killarney,13,11,-123.0235269,49.22521554,,,,,,,,,
24,Killarney,13,12,-123.0322417,49.22522148,,,,,,,,,
24,Killarney,13,13,-123.0323919,49.22010198,,,,,,,,,
19,Knight,14,0,-123.0657879,49.22518151,,,,,,,,,
19,Knight,14,1,-123.0838841,49.22544027,,,,,,,,,
19,Knight,14,2,-123.0838412,49.2290932,,,,,,,,,
19,Knight,14,3,-123.0826878,49.22905817,,,,,,,,,
19,Knight,14,4,-123.082479,49.23647124,,,,,,,,,
19,Knight,14,5,-123.0836056,49.23645023,,,,,,,,,
19,Knight,14,6,-123.0834554,49.24022593,,,,,,,,,
19,Knight,14,7,-123.0827794,49.24024694,,,,,,,,,
19,Knight,14,8,-123.0826493,49.24856201,,,,,,,,,
19,Knight,14,9,-123.0722691,49.24842795,,,,,,,,,
19,Knight,14,10,-123.0650962,49.24513134,,,,,,,,,
23,Collingwood,15,0,-123.0655209,49.23287285,,,,,,,,,
23,Collingwood,15,1,-123.0650866,49.24516174,,,,,,,,,
23,Collingwood,15,2,-123.0650437,49.25138414,,,,,,,,,
23,Collingwood,15,3,-123.0604517,49.24998349,,,,,,,,,
23,Collingwood,15,4,-123.0469763,49.24460462,,,,,,,,,
23,Collingwood,15,5,-123.0236733,49.24453458,,,,,,,,,
23,Collingwood,15,6,-123.0233729,49.23228284,,,,,,,,,
23,Collingwood,15,7,-123.0317791,49.23204934,,,,,,,,,
23,Collingwood,15,8,-123.0358882,49.23414406,,,,,,,,,
23,Collingwood,15,9,-123.0369504,49.23317728,,,,,,,,,
23,Collingwood,15,10,-123.0386455,49.23292507,,,,,,,,,
23,Collingwood,15,11,-123.0466135,49.23297411,,,,,,,,,
23,Collingwood,15,12,-123.0487163,49.23281999,,,,,,,,,
15,Cedar Cottage,16,0,-123.1049906,49.2488411,,,,,,,,,
15,Cedar Cottage,16,1,-123.1047545,49.25422301,,,,,,,,,
15,Cedar Cottage,16,2,-123.1050228,49.25466418,,,,,,,,,
15,Cedar Cottage,16,3,-123.1049047,49.2566389,,,,,,,,,
15,Cedar Cottage,16,4,-123.0758832,49.25621175,,,,,,,,,
15,Cedar Cottage,16,5,-123.0758832,49.2566459,,,,,,,,,
15,Cedar Cottage,16,6,-123.0659912,49.25621175,,,,,,,,,
15,Cedar Cottage,16,7,-123.0662487,49.25290647,,,,,,,,,
15,Cedar Cottage,16,8,-123.0650471,49.25137981,,,,,,,,,
15,Cedar Cottage,16,9,-123.0650869,49.24514232,,,,,,,,,
15,Cedar Cottage,16,10,-123.0722752,49.24843411,,,,,,,,,
22,Renfrew Heights,17,0,-123.0236627,49.24455067,,,,,,,,,
22,Renfrew Heights,17,1,-123.0236412,49.25818847,,,,,,,,,
22,Renfrew Heights,17,2,-123.0470676,49.25818847,,,,,,,,,
22,Renfrew Heights,17,3,-123.0526466,49.25753026,,,,,,,,,
22,Renfrew Heights,17,4,-123.0565948,49.25767031,,,,,,,,,
22,Renfrew Heights,17,5,-123.0566496,49.24846847,,,,,,,,,
22,Renfrew Heights,17,6,-123.0469824,49.24460074,,,,,,,,,
21,Renfrew,18,0,-123.0236418,49.25820366,,,,,,,,,
21,Renfrew,18,1,-123.0237393,49.27318999,,,,,,,,,
21,Renfrew,18,2,-123.0566125,49.27331249,,,,,,,,,
21,Renfrew,18,3,-123.0565883,49.25767483,,,,,,,,,
21,Renfrew,18,4,-123.0526293,49.25754179,,,,,,,,,
21,Renfrew,18,5,-123.0470611,49.258193,,,,,,,,,
20,Hastings East,19,0,-123.0237389,49.27319063,,,,,,,,,
20,Hastings East,19,1,-123.0234471,49.2935451,,,,,,,,,
20,Hastings East,19,2,-123.0300173,49.29255286,,,,,,,,,
20,Hastings East,19,3,-123.0335364,49.2913773,,,,,,,,,
20,Hastings East,19,4,-123.0353817,49.29064956,,,,,,,,,
20,Hastings East,19,5,-123.0383858,49.29132132,,,,,,,,,
20,Hastings East,19,6,-123.0399308,49.29249689,,,,,,,,,
20,Hastings East,19,7,-123.0500159,49.29451207,,,,,,,,,
20,Hastings East,19,8,-123.0561957,49.29277678,,,,,,,,,
20,Hastings East,19,9,-123.056539,49.28871819,,,,,,,,,
20,Hastings East,19,10,-123.05661,49.27332606,,,,,,,,,
14,Grandview,20,0,-123.0566491,49.24846906,,,,,,,,,
14,Grandview,20,1,-123.0604596,49.24998764,,,,,,,,,
14,Grandview,20,2,-123.0650418,49.2513843,,,,,,,,,
14,Grandview,20,3,-123.0662481,49.25290792,,,,,,,,,
14,Grandview,20,4,-123.0659945,49.25621278,,,,,,,,,
14,Grandview,20,5,-123.0758833,49.25664816,,,,,,,,,
14,Grandview,20,6,-123.0758833,49.25621751,,,,,,,,,
14,Grandview,20,7,-123.0778037,49.25623852,,,,,,,,,
14,Grandview,20,8,-123.0778198,49.25667967,,,,,,,,,
14,Grandview,20,9,-123.0775999,49.25667267,,,,,,,,,
14,Grandview,20,10,-123.0769099,49.28978666,,,,,,,,,
14,Grandview,20,11,-123.070258,49.2882588,,,,,,,,,
14,Grandview,20,12,-123.0702151,49.28996626,,,,,,,,,
14,Grandview,20,13,-123.0650223,49.28982631,,,,,,,,,
14,Grandview,20,14,-123.0648077,49.28733506,,,,,,,,,
14,Grandview,20,15,-123.0615033,49.29164568,,,,,,,,,
14,Grandview,20,16,-123.0562032,49.29279324,,,,,,,,,
14,Grandview,20,17,-123.0565328,49.28869182,,,,,,,,,
13,Mount Pleasant,21,0,-123.0778044,49.25624149,,,,,,,,,
13,Mount Pleasant,21,1,-123.0778232,49.25668264,,,,,,,,,
13,Mount Pleasant,21,2,-123.0776005,49.25667039,,,,,,,,,
13,Mount Pleasant,21,3,-123.0769183,49.28978914,,,,,,,,,
13,Mount Pleasant,21,4,-123.0780341,49.28997108,,,,,,,,,
13,Mount Pleasant,21,5,-123.0781843,49.28736787,,,,,,,,,
13,Mount Pleasant,21,6,-123.0812957,49.28745185,,,,,,,,,
13,Mount Pleasant,21,7,-123.0823256,49.28658408,,,,,,,,,
13,Mount Pleasant,21,8,-123.0864026,49.28658408,,,,,,,,,
13,Mount Pleasant,21,9,-123.0864884,49.28850154,,,,,,,,,
13,Mount Pleasant,21,10,-123.092342,49.29022012,,,,,,,,,
13,Mount Pleasant,21,11,-123.092814,49.28893254,,,,,,,,,
13,Mount Pleasant,21,12,-123.1002384,49.29080792,,,,,,,,,
13,Mount Pleasant,21,13,-123.100968,49.28921245,,,,,,,,,
13,Mount Pleasant,21,14,-123.1005817,49.2866092,,,,,,,,,
13,Mount Pleasant,21,15,-123.0996376,49.28546149,,,,,,,,,
13,Mount Pleasant,21,16,-123.0990207,49.28471966,,,,,,,,,
13,Mount Pleasant,21,17,-123.0994713,49.28423677,,,,,,,,,
13,Mount Pleasant,21,18,-123.0995786,49.28317999,,,,,,,,,
13,Mount Pleasant,21,19,-123.0977225,49.28317299,,,,,,,,,
13,Mount Pleasant,21,20,-123.0969678,49.27759784,,,,,,,,,
13,Mount Pleasant,21,21,-123.0998217,49.27765384,,,,,,,,,
13,Mount Pleasant,21,22,-123.1000088,49.27278642,,,,,,,,,
13,Mount Pleasant,21,23,-123.1015753,49.27285643,,,,,,,,,
13,Mount Pleasant,21,24,-123.1020627,49.27194361,,,,,,,,,
13,Mount Pleasant,21,25,-123.1066868,49.27198561,,,,,,,,,
13,Mount Pleasant,21,26,-123.1067512,49.2716076,,,,,,,,,
13,Mount Pleasant,21,27,-123.1080172,49.2716216,,,,,,,,,
13,Mount Pleasant,21,28,-123.1082532,49.27216062,,,,,,,,,
13,Mount Pleasant,21,29,-123.109648,49.27218162,,,,,,,,,
13,Mount Pleasant,21,30,-123.1096149,49.27265082,,,,,,,,,
13,Mount Pleasant,21,31,-123.111353,49.27247582,,,,,,,,,
13,Mount Pleasant,21,32,-123.1120075,49.27209781,,,,,,,,,
13,Mount Pleasant,21,33,-123.1118358,49.2717128,,,,,,,,,
13,Mount Pleasant,21,34,-123.1148506,49.27143278,,,,,,,,,
13,Mount Pleasant,21,35,-123.1148574,49.26668858,,,,,,,,,
13,Mount Pleasant,21,36,-123.1151257,49.25683127,,,,,,,,,
30,False Creek North,22,0,-123.1096102,49.27265733,,,,,,,,,
30,False Creek North,22,1,-123.1033768,49.27260133,,,,,,,,,
30,False Creek North,22,2,-123.1034412,49.27288833,,,,,,,,,
30,False Creek North,22,3,-123.1050505,49.27287433,,,,,,,,,
30,False Creek North,22,4,-123.1049539,49.27384034,,,,,,,,,
30,False Creek North,22,5,-123.1041278,49.27394534,,,,,,,,,
30,False Creek North,22,6,-123.1039347,49.27537331,,,,,,,,,
30,False Creek North,22,7,-123.1083442,49.2756043,,,,,,,,,
30,False Creek North,22,8,-123.1085481,49.27418334,,,,,,,,,
30,False Creek North,22,9,-123.1112088,49.27380534,,,,,,,,,
30,False Creek North,22,10,-123.1139232,49.27278333,,,,,,,,,
30,False Creek North,22,11,-123.1148888,49.27244033,,,,,,,,,
30,False Creek North,22,12,-123.1164231,49.27245433,,,,,,,,,
30,False Creek North,22,13,-123.1184723,49.27138329,,,,,,,,,
30,False Creek North,22,14,-123.120897,49.27079526,,,,,,,,,
30,False Creek North,22,15,-123.1222616,49.27073925,,,,,,,,,
30,False Creek North,22,16,-123.1238173,49.2715933,,,,,,,,,
30,False Creek North,22,17,-123.125019,49.27148129,,,,,,,,,
30,False Creek North,22,18,-123.1255769,49.27109627,,,,,,,,,
30,False Creek North,22,19,-123.125019,49.27069725,,,,,,,,,
30,False Creek North,22,20,-123.1260275,49.27029123,,,,,,,,,
30,False Creek North,22,21,-123.1281947,49.27069725,,,,,,,,,
30,False Creek North,22,22,-123.1310635,49.27156448,,,,,,,,,
30,False Creek North,22,23,-123.1342929,49.27367153,,,,,,,,,
30,False Creek North,22,24,-123.1365185,49.2756459,,,,,,,,,
30,False Creek North,22,25,-123.1324522,49.27698283,,,,,,,,,
30,False Creek North,22,26,-123.1267123,49.27327294,,,,,,,,,
30,False Creek North,22,27,-123.1258969,49.27308394,,,,,,,,,
30,False Creek North,22,28,-123.1258218,49.27350394,,,,,,,,,
30,False Creek North,22,29,-123.1248455,49.27420394,,,,,,,,,
30,False Creek North,22,30,-123.1242661,49.27382594,,,,,,,,,
30,False Creek North,22,31,-123.1224744,49.27434393,,,,,,,,,
30,False Creek North,22,32,-123.1221847,49.27458193,,,,,,,,,
30,False Creek North,22,33,-123.118981,49.27669855,,,,,,,,,
30,False Creek North,22,34,-123.1151186,49.27408064,,,,,,,,,
30,False Creek North,22,35,-123.1131745,49.27481844,,,,,,,,,
30,False Creek North,22,36,-123.1092906,49.27665236,,,,,,,,,
30,False Creek North,22,37,-123.1081963,49.27703734,,,,,,,,,
30,False Creek North,22,38,-123.1077027,49.27710033,,,,,,,,,
30,False Creek North,22,39,-123.1038833,49.27701634,,,,,,,,,
30,False Creek North,22,40,-123.1027782,49.27637238,,,,,,,,,
30,False Creek North,22,41,-123.1021559,49.27661036,,,,,,,,,
30,False Creek North,22,42,-123.1020492,49.2775273,,,,,,,,,
30,False Creek North,22,43,-123.0998176,49.27764629,,,,,,,,,
30,False Creek North,22,44,-123.1000048,49.27279418,,,,,,,,,
30,False Creek North,22,45,-123.1015712,49.27286418,,,,,,,,,
30,False Creek North,22,46,-123.1020861,49.27195415,,,,,,,,,
30,False Creek North,22,47,-123.1066888,49.27199616,,,,,,,,,
30,False Creek North,22,48,-123.1067425,49.27160414,,,,,,,,,
30,False Creek North,22,49,-123.1079977,49.27161814,,,,,,,,,
30,False Creek North,22,50,-123.1082552,49.27215716,,,,,,,,,
30,False Creek North,22,51,-123.10965,49.27219216,,,,,,,,,
28,Coal Harbour,23,0,-123.100595,49.28668956,,,,,,,,,
28,Coal Harbour,23,1,-123.1013353,49.28668956,,,,,,,,,
28,Coal Harbour,23,2,-123.1009276,49.28565382,,,,,,,,,
28,Coal Harbour,23,3,-123.1020005,49.28542987,,,,,,,,,
28,Coal Harbour,23,4,-123.1028695,49.28556984,,,,,,,,,
28,Coal Harbour,23,5,-123.1031055,49.28647961,,,,,,,,,
28,Coal Harbour,23,6,-123.1045003,49.28647261,,,,,,,,,
28,Coal Harbour,23,7,-123.10538,49.28642363,,,,,,,,,
28,Coal Harbour,23,8,-123.1051226,49.28692749,,,,,,,,,
28,Coal Harbour,23,9,-123.1067319,49.28736137,,,,,,,,,
28,Coal Harbour,23,10,-123.1082876,49.28699747,,,,,,,,,
28,Coal Harbour,23,11,-123.1092424,49.28755732,,,,,,,,,
28,Coal Harbour,23,12,-123.1109161,49.28710944,,,,,,,,,
28,Coal Harbour,23,13,-123.1122358,49.28753632,,,,,,,,,
28,Coal Harbour,23,14,-123.1060774,49.28981063,,,,,,,,,
28,Coal Harbour,23,15,-123.1067748,49.29007654,,,,,,,,,
28,Coal Harbour,23,16,-123.1107552,49.28970566,,,,,,,,,
28,Coal Harbour,23,17,-123.1139755,49.28841807,,,,,,,,,
28,Coal Harbour,23,18,-123.1144797,49.28855803,,,,,,,,,
28,Coal Harbour,23,19,-123.1132995,49.28970566,,,,,,,,,
28,Coal Harbour,23,20,-123.1175932,49.29080009,,,,,,,,,
28,Coal Harbour,23,21,-123.1191274,49.2901983,,,,,,,,,
28,Coal Harbour,23,22,-123.123301,49.2919057,,,,,,,,,
28,Coal Harbour,23,23,-123.1293768,49.29388699,,,,,,,,,
28,Coal Harbour,23,24,-123.1333648,49.29536686,,,,,,,,,
28,Coal Harbour,23,25,-123.1351941,49.29557677,,,,,,,,,
28,Coal Harbour,23,26,-123.13668,49.29463568,,,,,,,,,
28,Coal Harbour,23,27,-123.1305109,49.29063322,,,,,,,,,
28,Coal Harbour,23,28,-123.1298845,49.29108186,,,,,,,,,
28,Coal Harbour,23,29,-123.1267732,49.29000073,,,,,,,,,
28,Coal Harbour,23,30,-123.1227834,49.2888031,,,,,,,,,
28,Coal Harbour,23,31,-123.122145,49.28924396,,,,,,,,,
28,Coal Harbour,23,32,-123.1148303,49.28715749,,,,,,,,,
28,Coal Harbour,23,33,-123.1107748,49.28466611,,,,,,,,,
28,Coal Harbour,23,34,-123.1039441,49.28340539,,,,,,,,,
28,Coal Harbour,23,35,-123.0994702,49.28422422,,,,,,,,,
28,Coal Harbour,23,36,-123.0990196,49.28472111,,,,,,,,,
28,Coal Harbour,23,37,-123.1005833,49.2866124,,,,,,,,,
26,Downtown,24,0,-123.1082062,49.27704049,,,,,,,,,
26,Downtown,24,1,-123.1076805,49.27710349,,,,,,,,,
26,Downtown,24,2,-123.1038771,49.2770195,,,,,,,,,
26,Downtown,24,3,-123.1027664,49.27637204,,,,,,,,,
26,Downtown,24,4,-123.1021602,49.27660652,,,,,,,,,
26,Downtown,24,5,-123.1020422,49.27753396,,,,,,,,,
26,Downtown,24,6,-123.0998217,49.27765046,,,,,,,,,
26,Downtown,24,7,-123.0969679,49.27760146,,,,,,,,,
26,Downtown,24,8,-123.0977202,49.28317711,,,,,,,,,
26,Downtown,24,9,-123.099587,49.28317711,,,,,,,,,
26,Downtown,24,10,-123.0994786,49.28422161,,,,,,,,,
26,Downtown,24,11,-123.1039441,49.28340711,,,,,,,,,
26,Downtown,24,12,-123.1107784,49.28466597,,,,,,,,,
26,Downtown,24,13,-123.1148297,49.2871523,,,,,,,,,
26,Downtown,24,14,-123.1221442,49.28924345,,,,,,,,,
26,Downtown,24,15,-123.1227865,49.2888027,,,,,,,,,
26,Downtown,24,16,-123.1267746,49.29000072,,,,,,,,,
26,Downtown,24,17,-123.1298846,49.29108203,,,,,,,,,
26,Downtown,24,18,-123.1305084,49.29063,,,,,,,,,
26,Downtown,24,19,-123.1312299,49.29016116,,,,,,,,,
26,Downtown,24,20,-123.1217402,49.28403083,,,,,,,,,
26,Downtown,24,21,-123.1276273,49.280116,,,,,,,,,
26,Downtown,24,22,-123.1265973,49.27945808,,,,,,,,,
26,Downtown,24,23,-123.1249987,49.28055694,,,,,,,,,
26,Downtown,24,24,-123.1235182,49.27959457,,,,,,,,,
26,Downtown,24,25,-123.1203532,49.28170127,,,,,,,,,
26,Downtown,24,26,-123.1139885,49.27758776,,,,,,,,,
26,Downtown,24,27,-123.1171618,49.2754682,,,,,,,,,
26,Downtown,24,28,-123.1151019,49.27408223,,,,,,,,,
26,Downtown,24,29,-123.1131814,49.27481722,,,,,,,,,
26,Downtown,24,30,-123.1092976,49.27665114,,,,,,,,,
29,Downtown South,25,0,-123.1139864,49.27758907,,,,,,,,,
29,Downtown South,25,1,-123.1171648,49.27546864,,,,,,,,,
29,Downtown South,25,2,-123.118978,49.27669883,,,,,,,,,
29,Downtown South,25,3,-123.122177,49.27458931,,,,,,,,,
29,Downtown South,25,4,-123.1224721,49.27434257,,,,,,,,,
29,Downtown South,25,5,-123.1242647,49.27382624,,,,,,,,,
29,Downtown South,25,6,-123.1248467,49.27420773,,,,,,,,,
29,Downtown South,25,7,-123.1258311,49.27350249,,,,,,,,,
29,Downtown South,25,8,-123.1258955,49.27308423,,,,,,,,,
29,Downtown South,25,9,-123.1267243,49.27327674,,,,,,,,,
29,Downtown South,25,10,-123.1324539,49.2769812,,,,,,,,,
29,Downtown South,25,11,-123.1276286,49.28011863,,,,,,,,,
29,Downtown South,25,12,-123.126596,49.27945372,,,,,,,,,
29,Downtown South,25,13,-123.1249983,49.28056378,,,,,,,,,
29,Downtown South,25,14,-123.1235123,49.27960141,,,,,,,,,
29,Downtown South,25,15,-123.1203524,49.28169986,,,,,,,,,
27,West End,26,0,-123.1365233,49.27564706,,,,,,,,,
27,West End,26,1,-123.1388836,49.27797441,,,,,,,,,
27,West End,26,2,-123.142015,49.28074343,,,,,,,,,
27,West End,26,3,-123.1451907,49.28452274,,,,,,,,,
27,West End,26,4,-123.1445255,49.28831576,,,,,,,,,
27,West End,26,5,-123.152379,49.29280822,,,,,,,,,
27,West End,26,6,-123.1586017,49.29688046,,,,,,,,,
27,West End,26,7,-123.1633224,49.3019738,,,,,,,,,
27,West End,26,8,-123.1588163,49.30373675,,,,,,,,,
27,West End,26,9,-123.1582584,49.31015841,,,,,,,,,
27,West End,26,10,-123.1515448,49.31433642,,,,,,,,,
27,West End,26,11,-123.1421678,49.31516174,,,,,,,,,
27,West End,26,12,-123.1382411,49.31342717,,,,,,,,,
27,West End,26,13,-123.1335847,49.30865679,,,,,,,,,
27,West End,26,14,-123.1339495,49.30755156,,,,,,,,,
27,West End,26,15,-123.1307094,49.30511718,,,,,,,,,
27,West End,26,16,-123.1296365,49.30371805,,,,,,,,,
27,West End,26,17,-123.1251519,49.30332629,,,,,,,,,
27,West End,26,18,-123.1213368,49.3011725,,,,,,,,,
27,West End,26,19,-123.1165732,49.30204001,,,,,,,,,
27,West End,26,20,-123.1153287,49.30176017,,,,,,,,,
27,West End,26,21,-123.1155433,49.29728252,,,,,,,,,
27,West End,26,22,-123.1224526,49.2971146,,,,,,,,,
27,West End,26,23,-123.1200064,49.29535141,,,,,,,,,
27,West End,26,24,-123.122238,49.29330827,,,,,,,,,
27,West End,26,25,-123.1253709,49.29392402,,,,,,,,,
27,West End,26,26,-123.1348808,49.29584757,,,,,,,,,
27,West End,26,27,-123.1351976,49.29557691,,,,,,,,,
27,West End,26,28,-123.1366803,49.29463647,,,,,,,,,
27,West End,26,29,-123.1305102,49.29063539,,,,,,,,,
27,West End,26,30,-123.1312317,49.2901613,,,,,,,,,
27,West End,26,31,-123.1217424,49.28403015,,,,,,,,,
27,West End,26,32,-123.1324526,49.27698179,,,,,,,,,
7,Fairview,27,0,-123.1148456,49.27122788,,,,,,,,,
7,Fairview,27,1,-123.1151287,49.25682253,,,,,,,,,
7,Fairview,27,2,-123.1318521,49.25717213,,,,,,,,,
7,Fairview,27,3,-123.1339495,49.2578443,,,,,,,,,
7,Fairview,27,4,-123.1361369,49.25798421,,,,,,,,,
7,Fairview,27,5,-123.1372983,49.2577034,,,,,,,,,
7,Fairview,27,6,-123.1387098,49.25706488,,,,,,,,,
7,Fairview,27,7,-123.1459988,49.25719054,,,,,,,,,
7,Fairview,27,8,-123.1454272,49.2722479,,,,,,,,,
7,Fairview,27,9,-123.1446762,49.27301792,,,,,,,,,
7,Fairview,27,10,-123.1377454,49.2752579,,,,,,,,,
7,Fairview,27,11,-123.1300206,49.2701898,,,,,,,,,
7,Fairview,27,12,-123.1258858,49.26880691,,,,,,,,,
2,Kitsilano,28,0,-123.1377453,49.27526112,,,,,,,,,
2,Kitsilano,28,1,-123.1422762,49.27921612,,,,,,,,,
2,Kitsilano,28,2,-123.1480483,49.27988804,,,,,,,,,
2,Kitsilano,28,3,-123.1525974,49.27820823,,,,,,,,,
2,Kitsilano,28,4,-123.1565241,49.27403644,,,,,,,,,
2,Kitsilano,28,5,-123.1641985,49.27475531,,,,,,,,,
2,Kitsilano,28,6,-123.1677175,49.27273932,,,,,,,,,
2,Kitsilano,28,7,-123.1747342,49.2722073,,,,,,,,,
2,Kitsilano,28,8,-123.1811715,49.27331332,,,,,,,,,
2,Kitsilano,28,9,-123.185506,49.27369132,,,,,,,,,
2,Kitsilano,28,10,-123.1859351,49.26117054,,,,,,,,,
2,Kitsilano,28,11,-123.1839636,49.2597573,,,,,,,,,
2,Kitsilano,28,12,-123.1840065,49.25795426,,,,,,,,,
2,Kitsilano,28,13,-123.1804928,49.2579105,,,,,,,,,
2,Kitsilano,28,14,-123.1805143,49.25793675,,,,,,,,,
2,Kitsilano,28,15,-123.1528881,49.25729252,,,,,,,,,
2,Kitsilano,28,16,-123.1528774,49.25732053,,,,,,,,,
2,Kitsilano,28,17,-123.1459978,49.25718987,,,,,,,,,
2,Kitsilano,28,18,-123.145427,49.27224807,,,,,,,,,
2,Kitsilano,28,19,-123.1446757,49.27301814,,,,,,,,,
1,Point Grey,29,0,-123.1855042,49.27369922,,,,,,,,,
1,Point Grey,29,1,-123.1888999,49.27340172,,,,,,,,,
1,Point Grey,29,2,-123.1934939,49.27289751,,,,,,,,,
1,Point Grey,29,3,-123.1956182,49.27307952,,,,,,,,,
1,Point Grey,29,4,-123.1963478,49.27470351,,,,,,,,,
1,Point Grey,29,5,-123.2021843,49.27698541,,,,,,,,,
1,Point Grey,29,6,-123.2095013,49.27603346,,,,,,,,,
1,Point Grey,29,7,-123.2126985,49.27771335,,,,,,,,,
1,Point Grey,29,8,-123.2237063,49.27877725,,,,,,,,,
1,Point Grey,29,9,-123.2241784,49.27631345,,,,,,,,,
1,Point Grey,29,10,-123.2246504,49.27460551,,,,,,,,,
1,Point Grey,29,11,-123.2248221,49.27291151,,,,,,,,,
1,Point Grey,29,12,-123.2245002,49.2722815,,,,,,,,,
1,Point Grey,29,13,-123.2228909,49.27104945,,,,,,,,,
1,Point Grey,29,14,-123.2227836,49.27068543,,,,,,,,,
1,Point Grey,29,15,-123.2233844,49.26854326,,,,,,,,,
1,Point Grey,29,16,-123.2195826,49.26894537,,,,,,,,,
1,Point Grey,29,17,-123.2195611,49.26720918,,,,,,,,,
1,Point Grey,29,18,-123.2172222,49.2673562,,,,,,,,,
1,Point Grey,29,19,-123.2150658,49.2673702,,,,,,,,,
1,Point Grey,29,20,-123.2153964,49.25836612,,,,,,,,,
1,Point Grey,29,21,-123.1840015,49.25795261,,,,,,,,,
1,Point Grey,29,22,-123.1839586,49.25975565,,,,,,,,,
1,Point Grey,29,23,-123.1859401,49.26117082,,,,,,,,,
,,,,,,,,,,,,,,
,,,,,,,,,,,,,,
,,,,,,,,,,,,,,
,,,,,,,,,,,,,,
,,,,,,,,,,,,,,
,,,,,,,,,,,,,,
,,,,,,,,,,,,,,
,,,,,,,,,,,,,,
,,,,,,,,,,,,,,
,,,,,,,,,,,,,,
,,,,,,,,,,,,,,
,,,,,,,,,,,,,,
,,,,,,,,,,,,,,
,,,,,,,,,,,,,,
,,,,,,,,,,,,,,
,,,,,,,,,,,,,,
,,,,,,,,,,,,,,
,,,,,,,,,,,,,,
,,,,,,,,,,,,,,
,,,,,,,,,,,,,,
,,,,,,,,,,,,,,
,,,,,,,,,,,,,,
,,,,,,,,,,,,,,
,,,,,,,,,,,,,,
,,,,,,,,,,,,,,
,,,,,,,,,,,,,,
,,,,,,,,,,,,,,
,,,,,,,,,,,,,,
,,,,,,,,,,,,,,
,,,,,,,,,,,,,,
,,,,,,,,,,,,,,
,,,,,,,,,,,,,,
,,,,,,,,,,,,,,
,,,,,,,,,,,,,,
,,,,,,,,,,,,,,
,,,,,,,,,,,,,,
,,,,,,,,,,,,,,
,,,,,,,,,,,,,,
,,,,,,,,,,,,,,
,,,,,,,,,,,,,,
,,,,,,,,,,,,,,
,,,,,,,,,,,,,,
,,,,,,,,,,,,,,
,,,,,,,,,,,,,,
,,,,,,,,,,,,,,
,,,,,,,,,,,,,,
,,,,,,,,,,,,,,
,,,,,,,,,,,,,,
,,,,,,,,,,,,,,
,,,,,,,,,,,,,,
,,,,,,,,,,,,,,
,,,,,,,,,,,,,,
,,,,,,,,,,,,,,
,,,,,,,,,,,,,,
,,,,,,,,,,,,,,
,,,,,,,,,,,,,,
,,,,,,,,,,,,,,
,,,,,,,,,,,,,,
,,,,,,,,,,,,,,
,,,,,,,,,,,,,,
,,,,,,,,,,,,,,
,,,,,,,,,,,,,,
,,,,,,,,,,,,,,
,,,,,,,,,,,,,,
,,,,,,,,,,,,,,
,,,,,,,,,,,,,,
,,,,,,,,,,,,,,
,,,,,,,,,,,,,,
,,,,,,,,,,,,,,
,,,,,,,,,,,,,,
,,,,,,,,,,,,,,
,,,,,,,,,,,,,,
,,,,,,,,,,,,,,
,,,,,,,,,,,,,,
,,,,,,,,,,,,,,
,,,,,,,,,,,,,,
,,,,,,,,,,,,,,
,,,,,,,,,,,,,,
,,,,,,,,,,,,,,
,,,,,,,,,,,,,,
,,,,,,,,,,,,,,
,,,,,,,,,,,,,,
,,,,,,,,,,,,,,
,,,,,,,,,,,,,,
,,,,,,,,,,,,,,
,,,,,,,,,,,,,,
,,,,,,,,,,,,,,
,,,,,,,,,,,,,,
,,,,,,,,,,,,,,
,,,,,,,,,,,,,,
,,,,,,,,,,,,,,
,,,,,,,,,,,,,,
,,,,,,,,,,,,,,
,,,,,,,,,,,,,,
,,,,,,,,,,,,,,
,,,,,,,,,,,,,,
,,,,,,,,,,,,,,
,,,,,,,,,,,,,,
,,,,,,,,,,,,,,
,,,,,,,,,,,,,,
,,,,,,,,,,,,,,
